"Date","Price","Open","High","Low","Vol.","Change %"
"07/07/2025","299.70","298.10","300.50","298.00","74.72K","0.23%"
"07/03/2025","299.00","300.00","300.00","297.70","58.39K","-0.30%"
"07/02/2025","299.90","302.40","302.40","296.10","78.53K","-1.06%"
"06/30/2025","303.10","303.00","303.80","302.00","103.99K","-0.13%"
"06/29/2025","303.50","302.70","305.00","302.00","131.24K","0.26%"
"06/26/2025","302.70","297.30","303.20","295.70","123.84K","2.33%"
"06/25/2025","295.80","295.00","297.00","295.00","46.25K","0.03%"
"06/24/2025","295.70","297.00","297.00","295.00","46.14K","0.07%"
"06/23/2025","295.50","290.20","298.00","290.20","63.51K","1.90%"
"06/22/2025","290.00","294.00","294.00","287.80","39.25K","-1.43%"
"06/19/2025","294.20","296.60","299.20","291.50","66.93K","0.96%"
"06/18/2025","291.40","285.00","295.00","284.50","96.20K","2.39%"
"06/17/2025","284.60","286.60","287.60","284.00","46.81K","-0.63%"
"06/16/2025","286.40","285.10","286.90","284.60","40.86K","0.74%"
"06/15/2025","284.30","285.00","287.80","280.50","33.27K","-0.66%"
"06/04/2025","286.20","284.60","286.80","284.00","44.46K","0.63%"
"06/03/2025","284.40","288.20","288.30","284.00","38.16K","-0.97%"
"06/02/2025","287.20","288.50","288.50","284.10","39.99K","0.03%"
"06/01/2025","287.10","286.00","287.70","282.00","62.01K","1.31%"
"05/29/2025","283.40","275.50","295.00","271.10","72.95K","3.73%"
"05/28/2025","273.20","274.70","274.70","272.20","27.89K","-0.15%"
"05/27/2025","273.60","270.00","275.00","270.00","66.71K","0.88%"
"05/26/2025","271.20","270.10","272.70","270.00","61.27K","-0.40%"
"05/25/2025","272.30","273.60","275.90","270.00","44.34K","-0.80%"
"05/24/2025","274.50","285.00","285.00","274.10","68.65K","-2.63%"
"05/22/2025","281.90","293.10","293.10","280.50","91.11K","-2.25%"
"05/21/2025","288.40","294.30","295.80","285.20","65.57K","-2.07%"
"05/20/2025","294.50","294.00","295.00","293.30","41.51K","0.14%"
"05/19/2025","294.10","297.00","297.00","293.80","43.66K","-0.71%"
"05/18/2025","296.20","296.00","297.00","294.00","55.08K","0.44%"
"05/15/2025","294.90","295.40","297.50","294.00","49.98K","-0.67%"
"05/14/2025","296.90","295.40","298.00","295.30","79.61K","-0.03%"
"05/13/2025","297.00","298.10","299.40","296.70","112.21K","-0.37%"
"05/12/2025","298.10","298.10","300.00","297.90","46.57K","0.03%"
"05/08/2025","298.00","298.00","300.00","297.30","72.99K","0.24%"
"05/07/2025","297.30","299.40","300.00","296.10","109.76K","-1.59%"
"05/06/2025","302.10","304.00","304.40","301.10","73.28K","-0.66%"
"05/05/2025","304.10","300.50","304.80","299.80","52.06K","1.30%"
"05/04/2025","300.20","299.60","301.00","298.90","59.22K","0.20%"
"04/30/2025","299.60","302.30","302.30","299.00","61.63K","-0.20%"
"04/29/2025","300.20","302.90","302.90","299.20","143.80K","-0.76%"
"04/28/2025","302.50","309.70","309.70","302.00","73.33K","-1.72%"
"04/27/2025","307.80","315.00","317.00","293.50","290.07K","-3.96%"
"04/24/2025","320.50","321.00","322.00","320.00","74.36K","-0.25%"
"04/23/2025","321.30","319.60","321.80","319.60","40.22K","0.50%"
"04/22/2025","319.70","322.90","322.90","319.00","42.19K","0.06%"
"04/21/2025","319.50","321.10","321.10","319.20","88.57K","-0.50%"
"04/20/2025","321.10","319.40","321.80","319.00","44.07K","0.38%"
"04/17/2025","319.90","320.20","320.90","319.60","48.19K","-0.31%"
"04/16/2025","320.90","321.00","321.60","320.00","87.70K","0.03%"
"04/15/2025","320.80","320.00","321.10","319.60","80.67K","0.22%"
"04/13/2025","320.10","320.20","321.90","320.00","61.53K","-0.16%"
"04/10/2025","320.60","322.00","322.00","320.20","133.73K","-0.06%"
"04/09/2025","320.80","321.70","322.30","320.10","66.75K","0.09%"
"04/08/2025","320.50","322.50","324.80","320.10","74.53K","-0.62%"
"04/07/2025","322.50","320.10","325.30","320.10","85.98K","0.53%"
"04/06/2025","320.80","322.00","322.00","317.20","59.10K","-0.34%"
"03/27/2025","321.90","320.50","324.70","319.50","30.17K","0.75%"
"03/25/2025","319.50","321.20","321.20","318.80","51.71K","0.35%"
"03/24/2025","318.40","319.90","321.80","318.00","69.44K","-0.47%"
"03/23/2025","319.90","319.60","321.80","318.40","80.21K","0.09%"
"03/20/2025","319.60","319.60","320.80","319.30","110.87K","-0.03%"
"03/19/2025","319.70","324.40","324.40","319.40","88.58K","-0.47%"
"03/18/2025","321.20","322.30","324.40","320.60","120.04K","-0.43%"
"03/17/2025","322.60","324.90","324.90","322.10","190.53K","-0.68%"
"03/16/2025","324.80","325.40","325.40","324.10","86.11K","-0.18%"
"03/13/2025","325.40","325.50","327.80","324.70","82.42K","-0.03%"
"03/12/2025","325.50","326.50","326.50","325.00","43.08K","0.18%"
"03/11/2025","324.90","326.80","330.00","324.20","65.75K","-0.58%"
"03/10/2025","326.80","323.50","331.00","322.90","189.48K","0.90%"
"03/09/2025","323.90","325.00","325.00","323.40","57.08K","-0.28%"
"03/06/2025","324.80","325.40","325.50","324.30","84.01K","-0.15%"
"03/05/2025","325.30","325.50","326.70","325.00","55.47K","-0.03%"
"03/04/2025","325.40","327.10","327.50","325.00","108.86K","-0.46%"
"03/03/2025","326.90","325.00","327.80","324.00","136.98K","0.62%"
"03/02/2025","324.90","327.40","328.80","323.00","120.28K","-1.01%"
"02/27/2025","328.20","331.00","333.00","325.00","201.28K","-4.62%"
"02/25/2025","344.10","345.00","345.10","342.00","620.47K","-0.23%"
"02/24/2025","344.90","346.00","347.00","344.50","220.60K","-0.43%"
"02/23/2025","346.40","345.70","347.60","343.00","669.06K","0.20%"
"02/20/2025","345.70","343.20","347.00","341.70","476.69K","0.58%"
"02/19/2025","343.70","343.70","344.80","340.80","355.64K","-0.03%"
"02/18/2025","343.80","347.90","347.90","342.70","421.03K","-0.58%"
"02/17/2025","345.80","341.00","346.50","341.00","1.17M","1.53%"
"02/16/2025","340.60","339.90","341.80","338.30","387.16K","0.59%"
"02/13/2025","338.60","336.10","339.40","336.10","159.62K","0.50%"
"02/12/2025","336.90","336.60","337.40","336.60","155.79K","-0.06%"
"02/11/2025","337.10","338.00","338.00","336.00","66.92K","-0.15%"
"02/10/2025","337.60","339.50","339.50","335.80","158.75K","0.30%"
"02/09/2025","336.60","337.30","338.20","336.00","131.96K","-0.36%"
"02/06/2025","337.80","338.00","338.70","337.20","127.62K","-0.06%"
"02/05/2025","338.00","340.00","340.00","337.70","313.57K","-0.18%"
"02/04/2025","338.60","340.10","342.00","335.60","385.53K","0.47%"
"02/03/2025","337.00","332.00","339.40","332.00","555.70K","0.06%"
"02/02/2025","336.80","336.70","338.80","335.00","304.69K","0.42%"
"01/30/2025","335.40","331.90","336.70","331.90","157.55K","0.69%"
"01/29/2025","333.10","331.70","333.50","331.00","135.29K","0.42%"
"01/28/2025","331.70","330.00","332.80","329.70","113.55K","0.27%"
"01/27/2025","330.80","331.00","331.50","328.50","141.06K","0.21%"
"01/26/2025","330.10","331.80","333.70","329.30","116.65K","-1.08%"
"01/23/2025","333.70","335.90","335.90","333.00","51.62K","-0.60%"
"01/22/2025","335.70","336.90","336.90","333.90","93.77K","-0.03%"
"01/21/2025","335.80","333.30","336.20","333.00","164.25K","0.81%"
"01/20/2025","333.10","333.50","334.00","331.90","147.11K","0.18%"
"01/19/2025","332.50","332.80","333.00","329.60","110.90K","0.42%"
"01/16/2025","331.10","329.10","333.00","328.90","70.22K","0.52%"
"01/15/2025","329.40","334.30","334.30","329.00","118.65K","-1.05%"
"01/14/2025","332.90","340.00","340.00","331.70","171.89K","-1.83%"
"01/13/2025","339.10","334.20","340.00","333.00","1.14M","1.22%"
"01/12/2025","335.00","332.50","336.00","330.70","258.57K","0.78%"
"01/09/2025","332.40","327.80","333.30","325.50","401.67K","1.74%"
"01/08/2025","326.70","326.00","328.00","324.50","136.49K","0.18%"
"01/07/2025","326.10","325.80","328.60","325.30","186.65K","0.28%"
"01/06/2025","325.20","325.60","325.90","323.90","160.87K","0.15%"
"01/05/2025","324.70","321.50","326.00","321.40","128.15K","0.15%"
"01/02/2025","324.20","324.50","325.30","323.40","98.81K","-0.28%"
"01/01/2025","325.10","323.50","325.90","323.50","112.90K","0.62%"
"12/30/2024","323.10","320.10","325.50","320.10","120.08K","0.19%"
"12/29/2024","322.50","322.50","324.00","319.00","165.47K","0.00%"
"12/26/2024","322.50","323.90","323.90","321.50","52.46K","0.00%"
"12/24/2024","322.50","324.20","324.20","322.10","63.71K","-0.31%"
"12/23/2024","323.50","325.60","326.00","323.00","66.63K","-0.52%"
"12/22/2024","325.20","325.80","326.30","324.00","188.73K","-0.06%"
"12/19/2024","325.40","324.50","326.00","319.40","317.23K","0.37%"
"12/18/2024","324.20","320.00","326.20","318.80","362.95K","1.31%"
"12/17/2024","320.00","315.00","320.60","314.70","124.86K","1.81%"
"12/15/2024","314.30","315.10","315.70","313.10","184.14K","-0.10%"
"12/12/2024","314.60","312.50","315.50","312.50","38.70K","0.35%"
"12/11/2024","313.50","318.00","318.00","313.00","101.84K","-0.89%"
"12/10/2024","316.30","319.90","320.50","315.70","108.16K","-0.50%"
"12/09/2024","317.90","318.20","321.30","317.10","76.57K","-0.09%"
"12/08/2024","318.20","319.60","319.60","316.00","102.04K","0.19%"
"12/05/2024","317.60","320.20","320.50","317.10","109.12K","-0.90%"
"12/04/2024","320.50","324.50","326.40","319.00","220.52K","-1.02%"
"12/03/2024","323.80","319.20","325.10","318.10","360.26K","1.44%"
"12/02/2024","319.20","318.90","320.00","317.50","163.22K","0.44%"
"12/01/2024","317.80","318.50","319.20","316.70","128.83K","-0.59%"
"11/28/2024","319.70","322.90","322.90","318.70","186.19K","-0.44%"
"11/27/2024","321.10","320.00","324.50","316.10","413.98K","0.72%"
"11/26/2024","318.80","315.30","320.10","315.30","107.28K","1.14%"
"11/25/2024","315.20","317.00","318.80","314.10","97.67K","-0.82%"
"11/24/2024","317.80","316.10","319.00","316.00","75.53K","-0.13%"
"11/21/2024","318.20","322.90","322.90","317.10","94.21K","-1.46%"
"11/20/2024","322.90","321.20","324.60","317.00","229.40K","0.78%"
"11/19/2024","320.40","318.80","324.80","313.00","285.52K","0.50%"
"11/18/2024","318.80","320.50","323.00","317.30","130.03K","-0.59%"
"11/17/2024","320.70","327.00","327.80","320.10","254.04K","-1.63%"
"11/14/2024","326.00","326.50","330.10","323.20","251.26K","0.15%"
"11/13/2024","325.50","329.30","329.30","324.20","149.81K","-1.00%"
"11/12/2024","328.80","325.70","333.00","324.00","436.59K","0.98%"
"11/11/2024","325.60","319.00","327.40","318.80","350.21K","2.29%"
"11/10/2024","318.30","324.00","324.00","317.00","154.40K","-0.87%"
"11/07/2024","321.10","320.00","325.00","313.00","433.22K","1.71%"
"11/06/2024","315.70","316.10","318.70","311.50","427.10K","-0.13%"
"11/05/2024","316.10","316.60","319.50","312.60","324.12K","0.41%"
"11/04/2024","314.80","310.00","316.80","308.20","208.72K","1.42%"
"11/03/2024","310.40","315.00","316.90","310.00","178.07K","-1.21%"
"10/31/2024","314.20","319.00","319.00","312.50","274.25K","-1.04%"
"10/30/2024","317.50","314.80","319.90","312.50","254.40K","2.02%"
"10/29/2024","311.20","305.00","313.60","301.60","300.43K","2.17%"
"10/28/2024","304.60","307.00","309.90","301.00","254.29K","-0.36%"
"10/27/2024","305.70","316.90","316.90","304.20","295.12K","-3.53%"
"10/24/2024","316.90","322.40","322.40","309.40","558.25K","-1.68%"
"10/23/2024","322.30","330.70","333.00","321.60","365.71K","-2.54%"
"10/22/2024","330.70","332.00","332.00","329.00","120.82K","0.43%"
"10/21/2024","329.30","333.10","333.50","327.00","226.33K","-1.05%"
"10/20/2024","332.80","338.00","338.00","331.40","187.98K","-0.66%"
"10/17/2024","335.00","338.00","339.20","334.50","148.53K","-0.77%"
"10/16/2024","337.60","335.50","340.00","333.40","211.82K","0.66%"
"10/15/2024","335.40","335.50","337.00","331.60","159.11K","-0.03%"
"10/14/2024","335.50","338.30","343.00","334.30","301.88K","-0.77%"
"10/09/2024","338.10","331.00","339.00","331.00","322.42K","2.64%"
"10/08/2024","329.40","327.80","333.20","324.00","367.70K","1.10%"
"10/07/2024","325.80","332.10","333.90","325.00","348.08K","-1.87%"
"10/06/2024","332.00","338.10","340.40","331.20","275.11K","-1.75%"
"10/03/2024","337.90","344.00","344.00","334.50","329.30K","-0.94%"
"10/02/2024","341.10","347.10","347.10","340.00","605.43K","-2.12%"
"10/01/2024","348.50","351.90","355.00","347.50","496.88K","-0.49%"
"09/30/2024","350.20","349.00","351.80","346.20","710.52K","0.26%"
"09/29/2024","349.30","350.00","352.30","347.00","937.82K","-0.03%"
"09/26/2024","349.40","351.40","352.90","344.10","896.46K","-0.57%"
"09/25/2024","351.40","347.10","355.10","347.10","1.46M","0.57%"
"09/24/2024","349.40","345.00","353.60","342.80","1.72M","1.93%"
"09/23/2024","342.80","339.70","346.10","336.60","636.65K","0.91%"
"09/22/2024","339.70","346.00","349.90","338.30","838.13K","-1.08%"
"09/19/2024","343.40","328.60","344.20","327.00","932.05K","4.54%"
"09/18/2024","328.50","332.00","333.00","327.90","279.30K","-0.70%"
"09/17/2024","330.80","334.30","337.00","329.90","298.83K","-0.99%"
"09/15/2024","334.10","331.60","337.00","325.00","648.85K","0.75%"
"09/12/2024","331.60","337.90","337.90","330.30","537.54K","-1.43%"
"09/11/2024","336.40","340.30","343.00","335.50","434.42K","-1.00%"
"09/10/2024","339.80","340.00","341.90","336.80","426.70K","0.32%"
"09/09/2024","338.70","341.90","342.00","336.50","362.88K","-0.41%"
"09/08/2024","340.10","340.90","346.30","339.50","533.09K","0.50%"
"09/05/2024","338.40","343.00","343.00","335.80","511.26K","-0.56%"
"09/04/2024","340.30","345.00","347.90","339.70","500.23K","-0.90%"
"09/03/2024","343.40","342.90","349.90","341.60","620.34K","0.15%"
"09/02/2024","342.90","344.10","346.90","338.40","734.76K","-0.06%"
"09/01/2024","343.10","345.00","352.80","342.10","625.14K","-0.26%"
"08/29/2024","344.00","348.90","355.00","341.50","1.03M","-1.40%"
"08/28/2024","348.90","330.00","350.00","329.80","1.07M","5.79%"
"08/27/2024","329.80","335.00","336.00","326.70","984.51K","-2.08%"
"08/25/2024","336.80","354.00","354.00","335.90","904.44K","-2.72%"
"08/22/2024","346.20","324.00","350.00","324.00","2.54M","3.65%"
"08/21/2024","334.00","344.30","344.30","334.00","344.16K","-2.99%"
"08/20/2024","344.30","353.00","357.90","344.20","1.54M","-2.96%"
"08/19/2024","354.80","354.80","366.00","354.80","2.27M","-2.98%"
"08/18/2024","365.70","374.90","374.90","365.70","1.34M","-3.00%"
"08/15/2024","377.00","381.00","387.00","375.00","2.24M","-0.58%"
"08/14/2024","379.20","355.50","382.90","345.10","4.33M","6.67%"
"08/12/2024","355.50","368.90","368.90","341.00","3.19M","2.86%"
"08/11/2024","345.60","345.60","345.60","310.10","4.06M","8.75%"
"08/08/2024","317.80","317.80","317.80","317.80","298.68K","8.72%"
"08/07/2024","292.30","292.30","292.30","292.30","224.23K","8.74%"
"08/06/2024","268.80","268.80","268.80","268.80","282.46K","8.74%"
"08/04/2024","247.20","247.20","254.00","247.20","178.40K","-2.98%"
"08/01/2024","254.80","254.70","255.30","250.20","106.71K","0.91%"
"07/31/2024","252.50","248.00","253.70","248.00","121.89K","0.68%"
"07/30/2024","250.80","254.20","254.20","248.80","97.34K","-1.34%"
"07/29/2024","254.20","257.00","257.00","253.70","109.02K","-1.09%"
"07/28/2024","257.00","254.10","258.20","254.10","150.33K","1.14%"
"07/25/2024","254.10","248.10","255.00","248.00","156.02K","2.01%"
"07/24/2024","249.10","248.20","251.50","248.00","174.79K","-0.99%"
"07/18/2024","251.60","261.30","261.30","250.90","460.05K","0.92%"
"07/16/2024","249.30","247.00","251.00","245.00","80.16K","1.92%"
"07/15/2024","244.60","245.90","245.90","243.20","39.14K","0.04%"
"07/14/2024","244.50","246.00","246.00","242.60","133.23K","0.41%"
"07/11/2024","243.50","247.00","248.50","242.90","91.36K","-0.49%"
"07/10/2024","244.70","250.00","250.00","241.40","109.02K","-0.16%"
"07/09/2024","245.10","248.80","248.80","242.60","233.43K","-1.49%"
"07/08/2024","248.80","251.00","253.20","247.00","181.63K","-0.96%"
"07/07/2024","251.20","243.00","252.00","242.00","172.69K","2.28%"
"07/04/2024","245.60","240.20","246.10","240.20","101.85K","2.25%"
"07/03/2024","240.20","239.90","243.70","239.10","75.29K","-1.56%"
"07/02/2024","244.00","247.60","247.60","240.30","162.56K","-1.49%"
"06/30/2024","247.70","240.10","248.40","234.70","221.09K","2.61%"
"06/27/2024","241.40","236.20","242.00","236.00","114.80K","2.20%"
"06/26/2024","236.20","229.90","237.00","228.40","199.82K","3.28%"
"06/25/2024","228.70","228.20","229.50","226.50","114.19K","0.22%"
"06/24/2024","228.20","228.90","228.90","225.10","116.91K","0.57%"
"06/23/2024","226.90","228.80","228.80","224.90","135.14K","0.89%"
"06/20/2024","224.90","223.90","225.40","221.00","109.33K","1.22%"
"06/19/2024","222.20","224.00","225.00","221.80","140.71K","-0.85%"
"06/13/2024","224.10","226.70","226.70","223.60","116.39K","0.49%"
"06/12/2024","223.00","222.00","225.70","222.00","209.98K","-0.22%"
"06/11/2024","223.50","225.40","228.40","222.90","208.27K","-0.84%"
"06/10/2024","225.40","230.00","230.00","223.50","123.66K","-1.62%"
"06/09/2024","229.10","225.60","229.90","225.60","65.66K","0.66%"
"06/06/2024","227.60","225.00","229.90","225.00","78.82K","0.62%"
"06/05/2024","226.20","225.10","230.00","225.00","62.16K","-0.57%"
"06/04/2024","227.50","228.00","233.50","225.50","64.72K","0.80%"
"06/03/2024","225.70","227.90","228.00","224.20","45.14K","0.13%"
"06/02/2024","225.40","226.90","229.50","223.50","54.63K","0.85%"
"05/30/2024","223.50","228.00","229.00","222.20","113.55K","-1.84%"
"05/29/2024","227.70","229.00","230.00","226.30","38.54K","0.98%"
"05/28/2024","225.50","232.00","236.00","224.70","108.42K","-1.66%"
"05/27/2024","229.30","226.00","229.70","225.00","38.19K","1.46%"
"05/26/2024","226.00","228.50","228.50","224.00","66.60K","0.49%"
"05/23/2024","224.90","231.80","231.80","224.00","81.87K","-0.18%"
"05/21/2024","225.30","224.50","230.00","224.50","76.25K","0.40%"
"05/20/2024","224.40","224.90","228.00","224.00","122.03K","-0.62%"
"05/19/2024","225.80","232.30","233.00","225.40","67.94K","-2.80%"
"05/16/2024","232.30","233.60","236.00","231.70","74.53K","-0.56%"
"05/15/2024","233.60","238.50","238.50","233.00","52.67K","-1.43%"
"05/14/2024","237.00","239.00","239.00","236.50","37.88K","-0.67%"
"05/13/2024","238.60","237.20","239.50","237.10","55.52K","0.72%"
"05/12/2024","236.90","239.00","239.00","236.10","39.82K","-0.21%"
"05/09/2024","237.40","239.90","239.90","236.00","228.08K","-0.54%"
"05/08/2024","238.70","239.50","240.90","238.40","137.31K","-0.33%"
"05/07/2024","239.50","241.80","241.80","239.00","462.41K","-0.08%"
"05/06/2024","239.70","241.90","241.90","238.50","270.19K","0.08%"
"05/05/2024","239.50","237.60","240.80","237.60","91.14K","0.80%"
"05/02/2024","237.60","236.00","239.00","236.00","189.77K","0.76%"
"04/30/2024","235.80","239.00","239.00","235.20","100.19K","-0.30%"
"04/29/2024","236.50","244.00","244.00","235.70","97.37K","-1.66%"
"04/28/2024","240.50","235.00","243.20","235.00","127.07K","2.34%"
"04/25/2024","235.00","232.50","238.50","229.80","198.60K","1.08%"
"04/24/2024","232.50","232.50","233.70","231.70","73.77K","-0.04%"
"04/23/2024","232.60","233.60","234.00","232.50","36.70K","-0.21%"
"04/22/2024","233.10","237.40","237.40","232.20","88.72K","-0.47%"
"04/21/2024","234.20","234.70","236.90","234.00","31.32K","-0.21%"
"04/18/2024","234.70","236.10","237.70","234.00","57.61K","-0.93%"
"04/17/2024","236.90","236.10","238.90","236.00","39.71K","0.34%"
"04/16/2024","236.10","238.50","240.00","233.60","75.04K","-1.17%"
"04/15/2024","238.90","241.00","241.00","238.50","34.67K","-0.46%"
"04/09/2024","240.00","241.00","241.50","239.50","83.56K","-0.08%"
"04/08/2024","240.20","242.40","242.40","238.50","140.91K","0.00%"
"04/04/2024","240.20","239.60","241.20","239.00","119.95K","0.25%"
"04/03/2024","239.60","239.90","240.50","238.30","207.87K","0.80%"
"04/02/2024","237.70","235.50","239.10","235.00","65.69K","0.34%"
"04/01/2024","236.90","242.80","242.80","236.20","64.60K","-0.38%"
"03/31/2024","237.80","235.80","242.50","235.80","35.37K","0.85%"
"03/28/2024","235.80","238.70","239.90","235.00","366.42K","-1.21%"
"03/27/2024","238.70","244.00","244.00","238.50","164.66K","-1.20%"
"03/25/2024","241.60","243.90","243.90","240.00","88.01K","-0.25%"
"03/24/2024","242.20","243.90","243.90","241.50","67.22K","0.67%"
"03/21/2024","240.60","241.00","242.00","240.00","169.42K","-0.04%"
"03/20/2024","240.70","244.00","244.00","240.20","99.24K","-0.74%"
"03/19/2024","242.50","241.00","244.70","237.40","112.84K","-0.41%"
"03/18/2024","243.50","240.00","247.00","236.50","248.73K","0.08%"
"03/14/2024","243.30","243.50","245.00","240.50","167.44K","0.87%"
"03/13/2024","241.20","244.40","244.90","239.50","453.58K","-1.51%"
"03/12/2024","244.90","251.00","251.00","243.10","243.78K","-0.69%"
"03/11/2024","246.60","250.00","251.00","245.10","204.91K","-1.52%"
"03/10/2024","250.40","255.00","255.00","250.00","148.98K","-1.22%"
"03/07/2024","253.50","258.10","258.10","252.00","235.10K","-1.25%"
"03/06/2024","256.70","252.60","258.80","251.50","528.29K","1.62%"
"03/05/2024","252.60","257.20","259.30","252.00","550.99K","-1.79%"
"03/04/2024","257.20","246.30","261.00","246.30","650.64K","-1.68%"
"03/03/2024","261.60","265.80","265.80","261.60","743.36K","-8.72%"
"02/28/2024","286.60","286.60","286.60","286.60","3.47K","0.00%"
"02/27/2024","286.60","286.60","286.60","286.60","2.75K","0.00%"
"02/25/2024","286.60","286.60","286.60","286.60","2.99K","0.00%"
"02/22/2024","286.60","286.60","286.60","286.60","2.78K","0.00%"
"02/20/2024","286.60","286.60","286.60","286.60","0.78K","0.00%"
"02/19/2024","286.60","286.60","286.60","286.60","2.95K","0.00%"
"02/18/2024","286.60","286.60","286.60","286.60","5.03K","0.00%"
"02/15/2024","286.60","286.60","286.60","286.60","1.42K","0.00%"
"02/14/2024","286.60","286.60","286.60","286.60","2.81K","0.00%"
"02/13/2024","286.60","286.60","286.60","286.60","6.96K","0.00%"
"02/12/2024","286.60","286.60","286.60","286.60","6.91K","0.00%"
"02/11/2024","286.60","286.60","286.60","286.60","2.78K","0.00%"
"02/08/2024","286.60","286.60","286.60","286.60","2.63K","0.00%"
"02/07/2024","286.60","286.60","286.60","286.60","1.44K","0.00%"
"02/06/2024","286.60","286.60","286.60","286.60","4.50K","0.00%"
"02/05/2024","286.60","286.60","286.60","286.60","2.02K","0.00%"
"02/04/2024","286.60","286.60","286.60","286.60","2.65K","0.00%"
"02/01/2024","286.60","286.60","286.60","286.60","1.38K","0.00%"
"01/31/2024","286.60","286.60","286.60","286.60","0.12K","0.00%"
"01/30/2024","286.60","286.60","286.60","286.60","0.49K","0.00%"
"01/29/2024","286.60","286.60","286.60","286.60","0.65K","0.00%"
"01/28/2024","286.60","286.60","286.60","286.60","0.14K","0.00%"
"01/25/2024","286.60","286.60","286.60","286.60","0.83K","0.00%"
"01/24/2024","286.60","286.60","286.60","286.60","10.47K","0.00%"
"01/23/2024","286.60","286.60","286.60","286.60","2.81K","0.00%"
"01/22/2024","286.60","286.60","286.60","286.60","0.52K","0.00%"
"01/21/2024","286.60","286.60","286.60","286.60","3.80K","0.00%"
"01/18/2024","286.60","286.60","286.60","286.60","1.28K","0.00%"
"01/17/2024","286.60","286.60","286.60","286.60","1.71K","0.00%"
"01/16/2024","286.60","286.60","286.60","286.60","1.76K","0.00%"
"01/15/2024","286.60","286.60","286.60","286.60","0.29K","0.00%"
"01/14/2024","286.60","286.60","286.60","286.60","3.04K","0.00%"
"01/11/2024","286.60","286.60","286.60","286.60","3.83K","0.00%"
"01/10/2024","286.60","286.60","286.60","286.60","3.20K","0.00%"
"01/09/2024","286.60","286.60","286.60","286.60","8.51K","0.00%"
"01/08/2024","286.60","286.60","286.60","286.60","0.70K","0.00%"
"01/04/2024","286.60","286.60","286.60","286.60","0.67K","0.00%"
"01/03/2024","286.60","286.60","286.60","286.60","0.92K","0.00%"
"01/02/2024","286.60","286.60","286.60","286.60","0.91K","0.00%"
"01/01/2024","286.60","286.60","286.60","286.60","1.36K","0.00%"
"12/28/2023","286.60","286.60","286.60","286.60","3.01K","0.00%"
"12/27/2023","286.60","286.60","286.60","286.60","4.28K","0.00%"
"12/26/2023","286.60","286.60","286.60","286.60","0.27K","0.00%"
"12/24/2023","286.60","286.60","286.60","286.60","11.07K","0.00%"
"12/21/2023","286.60","286.60","286.60","286.60","1.97K","0.00%"
"12/20/2023","286.60","286.60","286.60","286.60","0.27K","0.00%"
"12/19/2023","286.60","286.60","286.60","286.60","1.47K","0.00%"
"12/18/2023","286.60","286.60","286.60","286.60","1.22K","0.00%"
"12/17/2023","286.60","286.60","286.60","286.60","3.11K","0.00%"
"12/14/2023","286.60","286.60","286.60","286.60","1.27K","0.00%"
"12/13/2023","286.60","286.60","286.60","286.60","1.63K","0.00%"
"12/12/2023","286.60","286.60","286.60","286.60","0.76K","0.00%"
"12/11/2023","286.60","286.60","286.60","286.60","0.77K","0.00%"
"12/10/2023","286.60","286.60","286.60","286.60","1.72K","0.00%"
"12/07/2023","286.60","286.60","286.60","286.60","1.51K","0.00%"
"12/06/2023","286.60","286.60","286.60","286.60","0.77K","0.00%"
"12/05/2023","286.60","286.60","286.60","286.60","0.66K","0.00%"
"12/04/2023","286.60","286.60","286.60","286.60","0.27K","0.00%"
"12/03/2023","286.60","286.60","286.60","286.60","0.60K","0.00%"
"11/30/2023","286.60","286.60","286.60","286.60","0.30K","0.00%"
"11/29/2023","286.60","286.60","286.60","286.60","1.68K","0.00%"
"11/28/2023","286.60","286.60","286.60","286.60","0.40K","0.00%"
"11/27/2023","286.60","286.60","286.60","286.60","0.03K","0.00%"
"11/26/2023","286.60","286.60","286.60","286.60","0.43K","0.00%"
"11/23/2023","286.60","286.60","286.60","286.60","0.43K","0.00%"
"11/22/2023","286.60","286.60","286.60","286.60","2.75K","0.00%"
"11/21/2023","286.60","286.60","286.60","286.60","0.23K","0.00%"
"11/20/2023","286.60","286.60","286.60","286.60","3.61K","0.00%"
"11/19/2023","286.60","286.60","286.60","286.60","0.40K","0.00%"
"11/16/2023","286.60","286.60","286.60","286.60","0.26K","0.00%"
"11/15/2023","286.60","286.60","286.60","286.60","0.45K","0.00%"
"11/14/2023","286.60","286.60","286.60","286.60","0.13K","0.00%"
"11/13/2023","286.60","286.60","286.60","286.60","0.12K","0.00%"
"11/12/2023","286.60","286.60","286.60","286.60","0.11K","0.00%"
"11/09/2023","286.60","286.60","286.60","286.60","0.28K","0.00%"
"11/08/2023","286.60","286.60","286.60","286.60","2.46K","0.00%"
"11/07/2023","286.60","286.60","286.60","286.60","0.22K","0.00%"
"11/06/2023","286.60","286.60","286.60","286.60","0.11K","0.00%"
"11/05/2023","286.60","286.60","286.60","286.60","1.14K","0.00%"
"11/02/2023","286.60","286.60","286.60","286.60","0.51K","0.00%"
"11/01/2023","286.60","286.60","286.60","286.60","0.44K","0.00%"
"10/31/2023","286.60","286.60","286.60","286.60","0.11K","0.00%"
"10/30/2023","286.60","286.60","286.60","286.60","0.83K","0.00%"
"10/29/2023","286.60","286.60","286.60","286.60","0.79K","0.00%"
"10/26/2023","286.60","286.60","286.60","286.60","1.09K","0.00%"
"10/25/2023","286.60","286.60","286.60","286.60","3.33K","0.00%"
"10/23/2023","286.60","286.60","286.60","286.60","0.80K","0.00%"
"10/22/2023","286.60","286.60","286.60","286.60","0.46K","0.00%"
"10/19/2023","286.60","286.60","286.60","286.60","0.14K","0.00%"
"10/18/2023","286.60","286.60","286.60","286.60","0.43K","0.00%"
"10/17/2023","286.60","286.60","286.60","286.60","2.37K","0.00%"
"10/16/2023","286.60","286.60","286.60","286.60","0.64K","0.00%"
"10/15/2023","286.60","286.60","286.60","286.60","0.12K","0.00%"
"10/12/2023","286.60","286.60","286.60","286.60","0.64K","0.00%"
"10/11/2023","286.60","286.60","286.60","286.60","1.31K","0.00%"
"10/10/2023","286.60","286.60","286.60","286.60","0.08K","0.00%"
"10/09/2023","286.60","286.60","286.60","286.60","0.41K","0.00%"
"10/08/2023","286.60","286.60","286.60","286.60","0.31K","0.00%"
"10/05/2023","286.60","286.60","286.60","286.60","0.48K","0.00%"
"10/04/2023","286.60","286.60","286.60","286.60","0.32K","0.00%"
"10/03/2023","286.60","286.60","286.60","286.60","0.81K","0.00%"
"10/02/2023","286.60","286.60","286.60","286.60","2.93K","0.00%"
"10/01/2023","286.60","286.60","286.60","286.60","0.70K","0.00%"
"09/27/2023","286.60","286.60","286.60","286.60","0.48K","0.00%"
"09/26/2023","286.60","286.60","286.60","286.60","0.57K","0.00%"
"09/25/2023","286.60","286.60","286.60","286.60","0.06K","0.00%"
"09/24/2023","286.60","286.60","286.60","286.60","2.07K","0.00%"
"09/21/2023","286.60","286.60","286.60","286.60","2.82K","0.00%"
"09/20/2023","286.60","286.60","286.60","286.60","1.15K","0.00%"
"09/19/2023","286.60","286.60","286.60","286.60","0.21K","0.00%"
"09/18/2023","286.60","286.60","286.60","286.60","2.79K","0.00%"
"09/17/2023","286.60","286.60","286.60","286.60","2.17K","0.00%"
"09/14/2023","286.60","286.60","286.60","286.60","0.56K","0.00%"
"09/13/2023","286.60","286.60","286.60","286.60","1.25K","0.00%"
"09/12/2023","286.60","286.60","286.60","286.60","0.34K","0.00%"
"09/11/2023","286.60","286.60","286.60","286.60","2.31K","0.00%"
"09/10/2023","286.60","286.60","286.60","286.60","1.31K","0.00%"
"09/07/2023","286.60","286.60","286.60","286.60","0.66K","0.00%"
"09/05/2023","286.60","286.60","286.60","286.60","1.66K","0.00%"
"09/04/2023","286.60","286.60","286.60","286.60","0.35K","0.00%"
"09/03/2023","286.60","286.60","286.60","286.60","1.22K","0.00%"
"08/31/2023","286.60","286.60","286.60","286.60","0.61K","0.00%"
"08/30/2023","286.60","286.60","286.60","286.60","1.16K","0.00%"
"08/29/2023","286.60","286.60","286.60","286.60","4.50K","0.00%"
"08/28/2023","286.60","286.60","286.60","286.60","1.63K","0.00%"
"08/27/2023","286.60","286.60","286.60","286.60","0.30K","0.00%"
"08/24/2023","286.60","286.60","286.60","286.60","0.66K","0.00%"
"08/23/2023","286.60","286.60","286.60","286.60","3.13K","0.00%"
"08/22/2023","286.60","286.60","286.60","286.60","0.54K","0.00%"
"08/21/2023","286.60","286.60","286.60","286.60","1.68K","0.00%"
"08/20/2023","286.60","286.60","286.60","286.60","0.67K","0.00%"
"08/17/2023","286.60","286.60","286.60","286.60","3.23K","0.00%"
"08/16/2023","286.60","286.60","286.60","286.60","2.10K","0.00%"
"08/14/2023","286.60","286.60","286.60","286.60","0.69K","0.00%"
"08/13/2023","286.60","286.60","286.60","286.60","0.99K","0.00%"
"08/10/2023","286.60","286.60","286.60","286.60","1.23K","0.00%"
"08/09/2023","286.60","286.60","286.60","286.60","2.68K","0.00%"
"08/08/2023","286.60","286.60","286.60","286.60","1.05K","0.00%"
"08/07/2023","286.60","286.60","286.60","286.60","0.58K","0.00%"
"08/06/2023","286.60","286.60","286.60","286.60","0.98K","0.00%"
"08/03/2023","286.60","286.60","286.60","286.60","2.05K","0.00%"
"08/02/2023","286.60","286.60","286.60","286.60","0.58K","0.00%"
"08/01/2023","286.60","286.60","286.60","286.60","0.40K","0.00%"
"07/31/2023","286.60","286.60","286.60","286.60","0.99K","0.00%"
"07/30/2023","286.60","286.60","286.60","286.60","1.57K","0.00%"
"07/27/2023","286.60","286.60","286.60","286.60","1.85K","0.00%"
"07/26/2023","286.60","286.60","286.60","286.60","1.16K","0.00%"
"07/25/2023","286.60","286.60","286.60","286.60","5.05K","0.00%"
"07/24/2023","286.60","286.60","286.60","286.60","2.56K","0.00%"
"07/23/2023","286.60","286.60","286.60","286.60","2.60K","0.00%"
"07/20/2023","286.60","286.60","286.60","286.60","3.99K","0.00%"
"07/19/2023","286.60","286.60","286.60","286.60","6.66K","0.00%"
"07/18/2023","286.60","286.60","286.60","286.60","14.81K","0.00%"
"07/17/2023","286.60","286.60","286.60","286.60","3.90K","0.00%"
"07/16/2023","286.60","286.60","286.60","286.60","2.66K","0.00%"
"07/13/2023","286.60","286.60","286.60","286.60","5.57K","0.00%"
"07/12/2023","286.60","286.60","286.60","286.60","2.68K","0.00%"
"07/11/2023","286.60","286.60","286.60","286.60","1.51K","0.00%"
"07/10/2023","286.60","286.60","286.60","286.60","9.64K","0.00%"
"07/09/2023","286.60","286.60","286.60","286.60","1.79K","0.00%"
"07/06/2023","286.60","286.60","286.60","286.60","2.33K","0.00%"
"07/05/2023","286.60","286.60","286.60","286.60","2.41K","0.00%"
"07/04/2023","286.60","286.60","286.60","286.60","1.13K","0.00%"
"07/03/2023","286.60","286.60","286.60","286.60","3.53K","0.00%"
"07/02/2023","286.60","286.60","286.60","286.60","1.68K","0.00%"
"06/26/2023","286.60","286.60","286.60","286.60","23.57K","0.00%"
"06/25/2023","286.60","286.60","286.60","286.60","12.10K","0.00%"
"06/22/2023","286.60","286.60","286.60","286.60","5.92K","0.00%"
"06/21/2023","286.60","286.60","286.60","286.60","5.24K","0.00%"
"06/20/2023","286.60","286.60","286.60","286.60","5.56K","0.00%"
"06/19/2023","286.60","286.60","286.60","286.60","2.52K","0.00%"
"06/18/2023","286.60","286.60","286.60","286.60","4.69K","0.00%"
"06/15/2023","286.60","286.60","286.60","286.60","5.56K","0.00%"
"06/14/2023","286.60","286.60","286.60","286.60","0.39K","0.00%"
"06/13/2023","286.60","286.60","286.60","286.60","2.51K","0.00%"
"06/12/2023","286.60","286.60","286.60","286.60","2.14K","0.00%"
"06/11/2023","286.60","286.60","286.60","286.60","2.02K","0.00%"
"06/08/2023","286.60","286.60","286.60","286.60","7.70K","0.00%"
"06/07/2023","286.60","286.60","286.60","286.60","0.51K","0.00%"
"06/06/2023","286.60","286.60","286.60","286.60","3.01K","0.00%"
"06/05/2023","286.60","286.60","286.60","286.60","1.60K","0.00%"
"06/04/2023","286.60","286.60","286.60","286.60","1.87K","0.00%"
"06/01/2023","286.60","286.60","286.60","286.60","1.08K","0.00%"
"05/31/2023","286.60","286.60","286.60","286.60","2.55K","0.00%"
"05/30/2023","286.60","286.60","286.60","286.60","2.95K","0.00%"
"05/29/2023","286.60","286.60","286.60","286.60","2.54K","0.00%"
"05/28/2023","286.60","286.60","286.60","286.60","1.82K","0.00%"
"05/25/2023","286.60","286.60","286.60","286.60","1.04K","0.00%"
"05/24/2023","286.60","286.60","286.60","286.60","1.67K","0.00%"
"05/23/2023","286.60","286.60","286.60","286.60","1.89K","0.00%"
"05/22/2023","286.60","286.60","286.60","286.60","3.64K","0.00%"
"05/21/2023","286.60","286.60","286.60","286.60","3.05K","0.00%"
"05/18/2023","286.60","286.60","286.60","286.60","3.41K","0.00%"
"05/17/2023","286.60","286.60","286.60","286.60","4.07K","0.00%"
"05/16/2023","286.60","286.60","286.60","286.60","2.78K","0.00%"
"05/15/2023","286.60","286.60","286.60","286.60","28.45K","0.00%"
"05/14/2023","286.60","286.60","286.60","286.60","1.51K","0.00%"
"05/11/2023","286.60","286.60","286.60","286.60","2.45K","0.00%"
"05/10/2023","286.60","286.60","286.60","286.60","1.98K","0.00%"
"05/09/2023","286.60","286.60","286.60","286.60","1.95K","0.00%"
"05/08/2023","286.60","286.60","286.60","286.60","5.14K","0.00%"
"05/07/2023","286.60","286.60","286.60","286.60","2.90K","0.00%"
"05/03/2023","286.60","286.60","286.60","286.60","2.07K","0.00%"
"05/02/2023","286.60","286.60","286.60","286.60","1.75K","0.00%"
"04/30/2023","286.60","286.60","286.60","286.60","3.55K","0.00%"
"04/27/2023","286.60","286.60","286.60","286.60","2.07K","0.00%"
"04/26/2023","286.60","286.60","286.60","286.60","1.94K","0.00%"
"04/25/2023","286.60","286.60","286.60","286.60","12.18K","0.00%"
"04/24/2023","286.60","286.60","286.60","286.60","0.56K","0.00%"
"04/18/2023","286.60","286.60","286.60","286.60","0.29K","0.00%"
"04/17/2023","286.60","286.60","286.60","286.60","0.30K","0.00%"
"04/16/2023","286.60","286.60","286.60","286.60","1.28K","0.00%"
"04/13/2023","286.60","286.60","286.60","286.60","1.43K","0.00%"
"04/12/2023","286.60","286.60","286.60","286.60","3.25K","0.00%"
"04/11/2023","286.60","286.60","286.60","286.60","0.23K","0.00%"
"04/10/2023","286.60","286.60","286.60","286.60","0.28K","0.00%"
"04/09/2023","286.60","286.60","286.60","286.60","0.18K","0.00%"
"04/06/2023","286.60","286.60","286.60","286.60","0.96K","0.00%"
"04/05/2023","286.60","286.60","286.60","286.60","0.23K","0.00%"
"04/04/2023","286.60","286.60","286.60","286.60","1.56K","0.00%"
"04/03/2023","286.60","286.60","286.60","286.60","1.77K","0.00%"
"04/02/2023","286.60","286.60","286.60","286.60","1.41K","0.00%"
"03/30/2023","286.60","286.60","286.60","286.60","0.17K","0.00%"
"03/29/2023","286.60","286.60","286.60","286.60","0.08K","0.00%"
"03/28/2023","286.60","286.60","286.60","286.60","0.61K","0.00%"
"03/27/2023","286.60","286.60","286.60","286.60","0.46K","0.00%"
"03/23/2023","286.60","286.60","286.60","286.60","1.18K","0.00%"
"03/22/2023","286.60","286.60","286.60","286.60","0.05K","0.00%"
"03/21/2023","286.60","286.60","286.60","286.60","0.29K","0.00%"
"03/20/2023","286.60","286.60","286.60","286.60","1.74K","0.00%"
"03/19/2023","286.60","286.60","286.60","286.60","1.37K","0.00%"
"03/16/2023","286.60","286.60","286.60","286.60","0.54K","0.00%"
"03/15/2023","286.60","286.60","286.60","286.60","1.69K","0.00%"
"03/14/2023","286.60","286.60","286.60","286.60","0.31K","0.00%"
"03/13/2023","286.60","286.60","286.60","286.60","0.53K","0.00%"
"03/12/2023","286.60","286.60","286.60","286.60","1.24K","0.00%"
"03/09/2023","286.60","286.60","286.60","286.60","0.18K","0.00%"
"03/07/2023","286.60","286.60","286.60","286.60","25.18K","0.00%"
"03/06/2023","286.60","286.60","286.60","286.60","2.81K","0.00%"
"03/05/2023","286.60","286.60","286.60","286.60","0.99K","0.00%"
"03/02/2023","286.60","286.60","286.60","286.60","0.26K","0.00%"
"03/01/2023","286.60","286.60","286.60","286.60","4.48K","0.00%"
"02/28/2023","286.60","286.60","286.60","286.60","0.14K","0.00%"
"02/27/2023","286.60","286.60","286.60","286.60","5.92K","0.00%"
"02/23/2023","286.60","286.60","286.60","286.60","14.81K","0.00%"
"02/22/2023","286.60","286.60","286.60","286.60","12.30K","0.00%"
"02/20/2023","286.60","286.60","286.60","286.60","4.33K","0.00%"
"02/19/2023","286.60","286.60","286.60","286.60","3.14K","0.00%"
"02/16/2023","286.60","286.60","286.60","286.60","5.43K","0.00%"
"02/15/2023","286.60","286.60","286.60","286.60","2.27K","0.00%"
"02/14/2023","286.60","286.60","286.60","286.60","2.73K","0.00%"
"02/13/2023","286.60","286.60","286.60","286.60","2.94K","0.00%"
"02/12/2023","286.60","286.60","286.60","286.60","3.75K","0.00%"
"02/09/2023","286.60","286.60","286.60","286.60","6.92K","0.00%"
"02/08/2023","286.60","286.60","286.60","286.60","1.70K","0.00%"
"02/07/2023","286.60","286.60","286.60","286.60","3.24K","0.00%"
"02/06/2023","286.60","286.60","286.60","286.60","2.50K","0.00%"
"02/05/2023","286.60","286.60","286.60","286.60","3.98K","0.00%"
"02/02/2023","286.60","286.60","286.60","286.60","6.30K","0.00%"
"02/01/2023","286.60","286.60","286.60","286.60","2.60K","0.00%"
"01/31/2023","286.60","286.60","286.60","286.60","9.13K","0.00%"
"01/30/2023","286.60","286.60","286.60","286.60","7.16K","0.00%"
"01/29/2023","286.60","286.60","286.60","286.60","4.99K","0.00%"
"01/26/2023","286.60","286.60","286.60","286.60","1.55K","0.00%"
"01/25/2023","286.60","286.60","286.60","286.60","6.05K","0.00%"
"01/24/2023","286.60","286.60","286.60","286.60","4.19K","0.00%"
"01/23/2023","286.60","286.60","286.60","286.60","3.78K","0.00%"
"01/22/2023","286.60","286.60","286.60","286.60","2.68K","0.00%"
"01/19/2023","286.60","286.60","286.60","286.60","2.52K","0.00%"
"01/18/2023","286.60","286.60","286.60","286.60","4.74K","0.00%"
"01/17/2023","286.60","286.60","286.60","286.60","6.64K","0.00%"
"01/16/2023","286.60","286.60","286.60","286.60","2.51K","0.00%"
"01/15/2023","286.60","286.60","286.60","286.60","2.63K","0.00%"
"01/12/2023","286.60","286.60","286.60","286.60","2.17K","0.00%"
"01/11/2023","286.60","286.60","286.60","286.60","1.08K","0.00%"
"01/10/2023","286.60","286.60","286.60","286.60","2.29K","0.00%"
"01/09/2023","286.60","286.60","286.60","286.60","2.06K","0.00%"
"01/08/2023","286.60","286.60","286.60","286.60","4.39K","0.00%"
"01/05/2023","286.60","286.60","286.60","286.60","3.98K","0.00%"
"01/04/2023","286.60","286.60","286.60","286.60","6.24K","0.00%"
"01/03/2023","286.60","286.60","286.60","286.60","10.29K","0.00%"
"01/02/2023","286.60","286.60","286.60","286.60","10.63K","0.00%"
"01/01/2023","286.60","286.60","286.60","286.60","1.15K","0.00%"
"12/29/2022","286.60","286.60","286.60","286.60","3.76K","0.00%"
"12/28/2022","286.60","286.60","286.60","286.60","1.81K","0.00%"
"12/27/2022","286.60","286.60","286.60","286.60","6.93K","0.00%"
"12/26/2022","286.60","286.60","286.60","286.60","0.74K","0.00%"
"12/22/2022","286.60","286.60","286.60","286.60","0.42K","0.00%"
"12/21/2022","286.60","286.60","286.60","286.60","0.34K","0.00%"
"12/20/2022","286.60","286.60","286.60","286.60","2.67K","0.00%"
"12/19/2022","286.60","286.60","286.60","286.60","2.54K","0.00%"
"12/18/2022","286.60","286.60","286.60","286.60","1.83K","0.00%"
"12/15/2022","286.60","286.60","286.60","286.60","3.27K","0.00%"
"12/14/2022","286.60","286.60","286.60","286.60","3.56K","0.00%"
"12/13/2022","286.60","286.60","286.60","286.60","4.09K","0.00%"
"12/12/2022","286.60","286.60","286.60","286.60","3.67K","0.00%"
"12/11/2022","286.60","286.60","286.60","286.60","0.89K","0.00%"
"12/08/2022","286.60","286.60","286.60","286.60","0.99K","0.00%"
"12/07/2022","286.60","286.60","286.60","286.60","6.88K","0.00%"
"12/06/2022","286.60","286.60","286.60","286.60","0.32K","0.00%"
"12/05/2022","286.60","286.60","286.60","286.60","1.52K","0.00%"
"12/04/2022","286.60","286.60","286.60","286.60","1.34K","0.00%"
"12/01/2022","286.60","286.60","286.60","286.60","4.36K","0.00%"
"11/30/2022","286.60","286.60","286.60","286.60","0.99K","0.00%"
"11/29/2022","286.60","286.60","286.60","286.60","1.79K","0.00%"
"11/28/2022","286.60","286.60","286.60","286.60","1.91K","0.00%"
"11/27/2022","286.60","286.60","286.60","286.60","1.67K","0.00%"
"11/24/2022","286.60","286.60","286.60","286.60","1.09K","0.00%"
"11/23/2022","286.60","286.60","286.60","286.60","4.58K","0.00%"
"11/22/2022","286.60","286.60","286.60","286.60","1.82K","0.00%"
"11/21/2022","286.60","286.60","286.60","286.60","1.19K","0.00%"
"11/20/2022","286.60","286.60","286.60","286.60","0.62K","0.00%"
"11/17/2022","286.60","286.60","286.60","286.60","0.52K","0.00%"
"11/16/2022","286.60","286.60","286.60","286.60","0.77K","0.00%"
"11/15/2022","286.60","286.60","286.60","286.60","4.03K","0.00%"
"11/14/2022","286.60","286.60","286.60","286.60","2.72K","0.00%"
"11/13/2022","286.60","286.60","286.60","286.60","2.35K","0.00%"
"11/10/2022","286.60","286.60","286.60","286.60","3.29K","0.00%"
"11/09/2022","286.60","286.60","286.60","286.60","9.01K","0.00%"
"11/08/2022","286.60","286.60","286.60","286.60","8.25K","0.00%"
"11/07/2022","286.60","286.60","286.60","286.60","1.37K","0.00%"
"11/06/2022","286.60","286.60","286.60","286.60","3.04K","0.00%"
"11/03/2022","286.60","286.60","286.60","286.60","5.18K","0.00%"
"11/02/2022","286.60","286.60","286.60","286.60","4.88K","0.00%"
"11/01/2022","286.60","286.60","286.60","286.60","1.87K","0.00%"
"10/31/2022","286.60","286.60","286.60","286.60","4.77K","0.00%"
"10/30/2022","286.60","286.60","286.60","286.60","4.13K","0.00%"
"10/27/2022","286.60","286.60","286.60","286.60","8.95K","0.00%"
"10/26/2022","286.60","286.60","286.60","286.60","8.39K","0.00%"
"10/25/2022","286.60","286.60","286.60","286.60","9.79K","0.00%"
"10/24/2022","286.60","286.60","286.60","286.60","3.17K","0.00%"
"10/23/2022","286.60","286.60","286.60","286.60","5.07K","0.00%"
"10/20/2022","286.60","286.60","286.60","286.60","42.59K","0.00%"
"10/19/2022","286.60","286.60","286.60","286.60","5.28K","0.00%"
"10/18/2022","286.60","286.60","286.60","286.60","4.76K","0.00%"
"10/17/2022","286.60","286.60","286.60","286.60","18.22K","0.00%"
"10/16/2022","286.60","286.60","286.60","286.60","65.36K","0.00%"
"10/13/2022","286.60","286.60","286.60","286.60","67.57K","0.00%"
"10/12/2022","286.60","286.60","286.60","286.60","42.58K","0.00%"
"10/11/2022","286.60","286.60","286.60","286.60","18.92K","0.00%"
"10/10/2022","286.60","286.60","286.60","286.60","17.16K","0.00%"
"10/06/2022","286.60","286.60","286.60","286.60","7.64K","0.00%"
"10/04/2022","286.60","286.60","286.60","286.60","10.52K","0.00%"
"10/03/2022","286.60","286.60","286.60","286.60","11.85K","0.00%"
"10/02/2022","286.60","286.60","288.00","286.60","54.80K","0.00%"
"09/29/2022","286.60","286.60","286.60","286.60","69.18K","0.00%"
"09/28/2022","286.60","286.60","286.60","286.60","13.15K","0.00%"
"09/27/2022","286.60","286.60","286.60","286.60","164.70K","0.00%"
"09/26/2022","286.60","286.60","286.60","286.60","53.85K","0.00%"
"09/25/2022","286.60","286.60","287.00","286.60","45.21K","0.00%"
"09/22/2022","286.60","286.60","286.60","286.60","74.50K","0.00%"
"09/21/2022","286.60","286.90","287.80","286.60","88.36K","-0.07%"
"09/20/2022","286.80","287.20","290.00","286.60","318.38K","-0.14%"
"09/19/2022","287.20","293.50","293.50","286.70","200.36K","0.10%"
"09/18/2022","286.90","288.40","288.60","286.60","137.28K","0.10%"
"09/15/2022","286.60","287.00","287.30","286.60","43.86K","0.00%"
"09/14/2022","286.60","286.60","286.70","286.60","136.64K","0.00%"
"09/13/2022","286.60","287.00","287.00","286.60","161.03K","-0.14%"
"09/12/2022","287.00","286.90","287.80","286.80","254.92K","0.03%"
"09/11/2022","286.90","288.00","288.00","286.60","103.24K","-0.03%"
"09/08/2022","287.00","291.90","291.90","286.70","143.16K","0.07%"
"09/07/2022","286.80","288.50","288.50","286.60","153.86K","0.03%"
"09/06/2022","286.70","288.10","289.00","286.60","124.62K","-0.49%"
"09/05/2022","288.10","288.70","290.00","287.70","195.73K","-0.21%"
"09/04/2022","288.70","295.00","295.80","288.00","121.84K","-0.45%"
"09/01/2022","290.00","290.00","291.00","289.00","161.03K","0.76%"
"08/31/2022","287.80","295.70","295.70","287.00","167.84K","-0.10%"
"08/30/2022","288.10","295.20","295.30","287.80","148.11K","-1.74%"
"08/29/2022","293.20","290.00","294.10","288.90","205.84K","1.52%"
"08/28/2022","288.80","289.00","291.20","286.80","134.30K","0.63%"
"08/25/2022","287.00","286.60","287.50","286.60","336.13K","0.14%"
"08/24/2022","286.60","288.00","288.00","286.60","131.66K","-0.10%"
"08/23/2022","286.90","286.80","288.00","286.70","158.91K","0.07%"
"08/22/2022","286.70","288.90","288.90","286.60","358.18K","-0.10%"
"08/21/2022","287.00","287.00","288.80","286.60","100.43K","0.07%"
"08/17/2022","286.80","287.00","288.00","286.70","267.10K","-0.07%"
"08/16/2022","287.00","288.90","288.90","286.60","768.63K","-0.07%"
"08/14/2022","287.20","288.00","290.90","287.00","58.13K","-0.03%"
"08/11/2022","287.30","292.00","292.00","286.60","441.34K","-5.09%"
"08/08/2022","302.70","302.90","305.20","300.10","180.71K","-0.23%"
"08/07/2022","303.40","300.00","305.00","294.00","190.22K","1.23%"
"08/04/2022","299.70","299.10","301.50","296.20","138.84K","0.67%"
"08/03/2022","297.70","301.20","301.20","297.00","264.64K","-0.30%"
"08/02/2022","298.60","298.90","300.20","295.70","216.45K","0.27%"
"08/01/2022","297.80","294.10","298.50","294.10","118.48K","1.19%"
"07/31/2022","294.30","287.30","295.40","287.30","184.72K","3.01%"
"07/28/2022","285.70","289.40","289.40","283.00","113.17K","-0.21%"
"07/27/2022","286.30","286.00","287.80","286.00","96.03K","0.00%"
"07/26/2022","286.30","289.40","289.40","286.00","225.92K","-0.28%"
"07/25/2022","287.10","286.90","288.00","286.00","129.68K","-0.28%"
"07/24/2022","287.90","289.50","289.50","285.00","64.10K","0.28%"
"07/21/2022","287.10","287.50","288.50","286.00","110.78K","0.38%"
"07/20/2022","286.00","286.30","289.40","285.00","187.80K","-0.10%"
"07/19/2022","286.30","290.80","291.00","283.80","270.76K","-1.11%"
"07/18/2022","289.50","289.80","291.60","285.40","486.31K","-0.10%"
"07/17/2022","289.80","289.90","290.60","288.20","71.21K","0.38%"
"07/14/2022","288.70","287.80","289.30","286.90","148.58K","0.31%"
"07/13/2022","287.80","290.00","290.00","287.10","180.50K","-0.45%"
"07/12/2022","289.10","294.00","294.00","288.00","137.94K","0.28%"
"07/07/2022","288.30","287.50","290.70","287.50","446.09K","-1.70%"
"07/06/2022","293.30","292.00","294.90","292.00","244.50K","0.76%"
"07/05/2022","291.10","277.00","296.70","277.00","1.02M","3.01%"
"07/04/2022","282.60","282.60","282.60","282.60","92.53K","-1.98%"
"07/03/2022","288.30","288.30","288.30","288.30","61.42K","-1.97%"
"06/30/2022","294.10","294.90","294.90","294.10","173.26K","-2.00%"
"06/29/2022","300.10","302.80","302.90","299.60","329.60K","-0.89%"
"06/28/2022","302.80","303.10","304.50","301.90","189.08K","-0.03%"
"06/27/2022","302.90","305.50","305.60","302.50","240.55K","-0.88%"
"06/26/2022","305.60","305.00","305.90","304.20","37.68K","0.63%"
"06/23/2022","303.70","305.00","305.00","303.40","98.25K","-0.03%"
"06/22/2022","303.80","306.90","306.90","303.20","106.34K","-0.07%"
"06/21/2022","304.00","304.10","307.00","303.40","131.53K","-0.10%"
"06/20/2022","304.30","306.00","306.70","304.10","131.20K","-0.88%"
"06/19/2022","307.00","307.00","307.60","305.10","47.78K","0.62%"
"06/16/2022","305.10","304.50","306.00","304.00","88.70K","0.20%"
"06/15/2022","304.50","307.80","307.80","304.00","117.00K","-0.07%"
"06/14/2022","304.70","306.00","306.00","304.20","56.02K","-0.36%"
"06/13/2022","305.80","307.00","307.70","305.20","50.99K","-0.59%"
"06/12/2022","307.60","305.90","308.00","305.60","30.20K","0.65%"
"06/09/2022","305.60","308.00","308.00","305.10","71.72K","0.33%"
"06/08/2022","304.60","308.00","308.00","302.00","115.28K","-0.46%"
"06/07/2022","306.00","307.30","310.00","305.50","119.98K","-0.39%"
"06/06/2022","307.20","313.40","313.60","307.20","183.55K","-1.98%"
"06/05/2022","313.40","306.90","314.50","306.90","155.72K","2.96%"
"06/02/2022","304.40","309.50","309.50","304.00","91.34K","-0.78%"
"06/01/2022","306.80","308.00","308.00","306.00","107.10K","-0.10%"
"05/31/2022","307.10","310.00","310.00","306.70","52.15K","-0.13%"
"05/30/2022","307.50","310.00","312.00","306.40","63.46K","-0.58%"
"05/29/2022","309.30","304.90","314.00","303.50","69.96K","2.83%"
"05/26/2022","300.80","300.10","303.90","300.00","60.89K","-0.03%"
"05/25/2022","300.90","305.10","305.10","300.00","190.95K","-0.79%"
"05/24/2022","303.30","307.00","307.70","302.50","77.34K","-0.85%"
"05/23/2022","305.90","307.50","308.60","305.00","78.44K","0.66%"
"05/22/2022","303.90","303.00","304.50","301.20","54.74K","0.43%"
"05/19/2022","302.60","305.00","305.00","301.50","108.96K","-0.46%"
"05/18/2022","304.00","308.00","308.00","303.00","210.26K","-0.94%"
"05/17/2022","306.90","311.90","311.90","305.50","159.56K","-0.87%"
"05/16/2022","309.60","310.30","315.80","308.60","251.67K","-0.23%"
"05/12/2022","310.30","316.00","316.00","309.50","238.08K","-1.62%"
"05/11/2022","315.40","320.50","320.70","315.00","215.13K","-1.07%"
"05/10/2022","318.80","319.10","322.00","317.90","212.70K","-0.03%"
"05/09/2022","318.90","321.10","321.80","318.50","150.10K","-0.62%"
"05/08/2022","320.90","320.10","322.40","320.00","32.76K","0.34%"
"05/05/2022","319.80","320.10","323.00","319.50","45.63K","-0.03%"
"04/28/2022","319.90","322.90","322.90","319.00","250.67K","-0.19%"
"04/27/2022","320.50","326.40","326.40","319.20","278.83K","-1.96%"
"04/26/2022","326.90","327.00","327.00","325.70","108.82K","-0.06%"
"04/25/2022","327.10","327.20","327.90","325.20","62.09K","0.00%"
"04/24/2022","327.10","324.10","327.60","322.50","77.24K","0.99%"
"04/21/2022","323.90","322.10","324.90","322.10","117.58K","0.78%"
"04/20/2022","321.40","322.80","322.80","320.40","103.30K","0.41%"
"04/19/2022","320.10","320.00","322.00","317.10","346.47K","0.09%"
"04/18/2022","319.80","323.10","323.10","319.10","98.05K","-1.02%"
"04/17/2022","323.10","320.60","325.00","320.00","37.83K","1.00%"
"04/13/2022","319.90","326.00","326.00","316.00","89.00K","0.25%"
"04/12/2022","319.10","321.60","322.20","318.70","98.97K","-0.93%"
"04/11/2022","322.10","324.90","324.90","321.40","61.50K","0.06%"
"04/10/2022","321.90","324.70","324.70","321.50","41.52K","0.12%"
"04/07/2022","321.50","320.40","323.70","318.50","69.27K","0.37%"
"04/06/2022","320.30","323.30","327.50","319.30","114.28K","-1.45%"
"04/05/2022","325.00","325.10","326.00","324.10","47.79K","0.03%"
"04/04/2022","324.90","329.90","329.90","324.10","84.04K","-1.16%"
"04/03/2022","328.70","328.90","329.90","328.50","34.40K","-0.06%"
"03/31/2022","328.90","329.70","330.00","327.50","58.87K","0.06%"
"03/30/2022","328.70","329.80","330.00","327.90","21.31K","0.18%"
"03/29/2022","328.10","330.90","331.00","327.10","74.71K","-0.85%"
"03/28/2022","330.90","329.90","331.60","328.30","103.01K","0.67%"
"03/27/2022","328.70","325.80","331.00","325.00","42.09K","0.95%"
"03/24/2022","325.60","325.10","329.00","324.10","62.95K","0.03%"
"03/23/2022","325.50","328.00","328.40","323.70","68.84K","0.25%"
"03/22/2022","324.70","327.00","327.00","323.30","141.56K","-0.09%"
"03/21/2022","325.00","326.20","326.90","322.10","49.62K","-0.34%"
"03/20/2022","326.10","326.00","329.40","325.30","35.11K","0.06%"
"03/16/2022","325.90","330.10","332.00","325.50","113.89K","-1.84%"
"03/15/2022","332.00","334.00","334.00","330.20","30.30K","0.61%"
"03/14/2022","330.00","329.90","342.80","327.20","120.15K","0.67%"
"03/13/2022","327.80","322.00","329.80","322.00","87.04K","1.74%"
"03/10/2022","322.20","324.00","326.90","318.00","119.58K","0.53%"
"03/09/2022","320.50","320.00","325.50","318.80","171.79K","1.30%"
"03/08/2022","316.40","320.20","320.20","315.00","192.18K","-0.38%"
"03/07/2022","317.60","327.90","327.90","317.20","167.37K","-1.70%"
"03/06/2022","323.10","333.00","333.00","322.00","150.06K","-1.73%"
"03/03/2022","328.80","338.70","338.70","327.50","201.80K","-1.88%"
"03/02/2022","335.10","340.50","340.50","333.40","130.68K","-1.53%"
"03/01/2022","340.30","340.00","341.60","340.00","68.70K","0.09%"
"02/28/2022","340.00","340.50","344.30","339.50","97.32K","-0.26%"
"02/27/2022","340.90","345.00","347.70","336.00","62.00K","-0.29%"
"02/24/2022","341.90","349.30","349.30","340.20","184.96K","-3.80%"
"02/22/2022","355.40","355.80","356.20","354.20","158.41K","0.23%"
"02/20/2022","354.60","358.80","358.80","352.30","106.82K","-0.62%"
"02/17/2022","356.80","357.00","358.00","354.60","120.94K","-0.25%"
"02/16/2022","357.70","357.00","358.00","356.20","112.18K","-0.06%"
"02/15/2022","357.90","358.00","359.50","357.00","152.37K","0.08%"
"02/14/2022","357.60","358.00","359.50","357.30","101.49K","-0.08%"
"02/13/2022","357.90","358.00","358.60","357.00","61.98K","-0.03%"
"02/10/2022","358.00","357.00","358.50","355.00","56.07K","0.03%"
"02/09/2022","357.90","359.50","359.50","356.50","53.83K","-0.08%"
"02/08/2022","358.20","357.40","358.50","355.80","87.08K","0.67%"
"02/07/2022","355.80","355.30","358.00","354.70","127.29K","-0.59%"
"02/06/2022","357.90","354.50","358.20","354.20","54.85K","0.76%"
"02/03/2022","355.20","356.90","356.90","354.50","54.94K","0.00%"
"02/02/2022","355.20","355.00","355.90","354.60","52.96K","0.17%"
"02/01/2022","354.60","356.90","356.90","354.10","29.76K","-0.37%"
"01/31/2022","355.90","356.20","356.70","353.00","45.04K","0.54%"
"01/30/2022","354.00","352.00","355.80","351.50","64.73K","0.74%"
"01/27/2022","351.40","351.40","355.00","350.00","168.17K","-1.13%"
"01/26/2022","355.40","356.00","358.00","354.60","47.11K","0.06%"
"01/25/2022","355.20","359.00","359.40","355.00","75.18K","-1.06%"
"01/24/2022","359.00","359.80","360.00","358.50","57.93K","0.06%"
"01/23/2022","358.80","356.20","359.30","355.00","57.88K","0.42%"
"01/20/2022","357.30","359.20","360.00","356.00","110.03K","-0.47%"
"01/19/2022","359.00","358.60","359.50","358.60","50.70K","0.11%"
"01/18/2022","358.60","360.00","360.00","358.10","46.29K","-0.25%"
"01/17/2022","359.50","360.00","360.00","358.10","52.26K","0.03%"
"01/16/2022","359.40","359.90","360.80","358.60","110.16K","0.03%"
"01/13/2022","359.30","357.10","360.40","357.00","144.82K","0.62%"
"01/12/2022","357.10","354.00","359.90","354.00","180.61K","1.05%"
"01/11/2022","353.40","350.00","355.90","350.00","120.84K","0.97%"
"01/10/2022","350.00","350.10","350.70","348.00","126.17K","0.49%"
"01/06/2022","348.30","346.50","350.00","345.20","168.72K","0.55%"
"01/05/2022","346.40","350.30","350.30","346.00","189.86K","-0.80%"
"01/04/2022","349.20","347.80","349.50","347.80","54.66K","0.40%"
"01/03/2022","347.80","350.60","353.00","346.10","153.23K","-0.51%"
"01/02/2022","349.60","350.00","350.90","349.10","34.53K","0.03%"
"12/30/2021","349.50","348.50","351.80","348.50","62.76K","0.32%"
"12/29/2021","348.40","350.00","351.40","348.00","51.66K","-0.46%"
"12/28/2021","350.00","349.20","351.00","349.20","55.77K","0.26%"
"12/27/2021","349.10","348.50","350.30","348.50","53.42K","-0.26%"
"12/26/2021","350.00","350.00","351.50","347.00","64.27K","-0.09%"
"12/23/2021","350.30","349.90","351.00","348.20","112.94K","0.11%"
"12/22/2021","349.90","351.90","352.00","349.00","82.18K","0.14%"
"12/21/2021","349.40","350.50","351.80","348.30","103.35K","0.03%"
"12/20/2021","349.30","353.20","353.20","346.60","173.88K","-1.10%"
"12/19/2021","353.20","352.80","354.40","352.70","69.64K","-0.56%"
"12/15/2021","355.20","357.30","357.40","354.00","81.87K","0.17%"
"12/14/2021","354.60","358.00","359.50","353.00","96.27K","-1.14%"
"12/13/2021","358.70","358.00","360.00","357.60","116.38K","-0.03%"
"12/12/2021","358.80","360.00","360.80","357.10","83.57K","-0.14%"
"12/09/2021","359.30","361.80","361.80","358.00","44.80K","-0.14%"
"12/08/2021","359.80","362.20","362.20","358.60","34.81K","-0.30%"
"12/07/2021","360.90","361.90","362.50","360.20","44.06K","0.06%"
"12/06/2021","360.70","362.80","363.00","360.00","43.59K","-0.36%"
"12/05/2021","362.00","360.70","362.20","358.50","36.76K","0.92%"
"12/02/2021","358.70","355.00","359.80","353.00","126.72K","0.82%"
"12/01/2021","355.80","359.00","359.00","351.50","95.51K","2.15%"
"11/30/2021","348.30","363.00","363.00","346.00","278.78K","-3.22%"
"11/29/2021","359.90","360.40","361.40","359.20","29.90K","-0.11%"
"11/28/2021","360.30","360.00","361.10","358.70","49.51K","-0.08%"
"11/25/2021","360.60","360.10","362.50","359.00","80.13K","0.08%"
"11/24/2021","360.30","359.60","362.40","359.20","62.91K","-0.22%"
"11/23/2021","361.10","359.00","362.50","359.00","44.46K","0.33%"
"11/22/2021","359.90","360.00","361.40","359.00","47.70K","0.03%"
"11/21/2021","359.80","360.50","364.70","358.50","44.54K","-0.22%"
"11/18/2021","360.60","362.00","363.00","359.50","41.60K","0.03%"
"11/17/2021","360.50","361.00","363.00","358.70","58.32K","-0.33%"
"11/16/2021","361.70","361.90","363.70","359.00","74.02K","0.67%"
"11/15/2021","359.30","360.20","362.40","358.80","82.85K","-0.25%"
"11/14/2021","360.20","361.90","363.70","359.00","26.23K","0.31%"
"11/11/2021","359.10","354.70","362.00","354.70","117.38K","1.13%"
"11/10/2021","355.10","356.00","356.80","354.00","55.14K","0.08%"
"11/09/2021","354.80","354.40","357.00","354.40","97.28K","-0.31%"
"11/08/2021","355.90","355.00","357.50","353.00","57.08K","0.23%"
"11/07/2021","355.10","355.80","356.10","355.00","38.82K","0.11%"
"11/04/2021","354.70","352.20","359.80","352.00","62.32K","0.37%"
"11/03/2021","353.40","356.60","356.60","353.10","43.12K","-0.90%"
"11/02/2021","356.60","364.00","364.00","354.10","126.53K","0.76%"
"11/01/2021","353.90","359.00","359.90","350.20","149.12K","-1.28%"
"10/31/2021","358.50","358.00","361.10","357.00","131.29K","0.93%"
"10/28/2021","355.20","353.90","359.00","353.70","109.01K","0.42%"
"10/27/2021","353.70","356.00","356.00","349.60","223.00K","0.63%"
"10/26/2021","351.50","357.00","357.00","347.00","228.38K","-1.65%"
"10/25/2021","357.40","360.00","360.90","356.00","156.75K","-0.72%"
"10/24/2021","360.00","363.80","364.00","359.00","85.79K","-1.50%"
"10/21/2021","365.50","362.10","366.90","361.00","67.92K","1.05%"
"10/19/2021","361.70","359.20","368.70","359.20","171.32K","-0.50%"
"10/18/2021","363.50","369.00","369.20","361.00","232.73K","-1.38%"
"10/17/2021","368.60","367.10","370.30","365.00","117.70K","0.46%"
"10/14/2021","366.90","368.00","370.00","365.20","124.32K","0.19%"
"10/13/2021","366.20","368.30","370.00","366.10","202.28K","-0.57%"
"10/12/2021","368.30","370.10","370.30","367.90","349.89K","-0.59%"
"10/11/2021","370.50","372.40","373.00","370.00","186.43K","-0.48%"
"10/10/2021","372.30","372.10","374.00","372.10","105.10K","-0.32%"
"10/07/2021","373.50","376.80","376.80","369.10","314.34K","-0.37%"
"10/06/2021","374.90","384.80","384.80","373.60","237.75K","-1.08%"
"10/05/2021","379.00","378.20","380.00","376.10","219.39K","0.24%"
"10/04/2021","378.10","380.00","380.10","376.10","362.43K","0.05%"
"10/03/2021","377.90","380.20","381.90","377.00","187.07K","-0.60%"
"09/30/2021","380.20","380.60","383.50","379.00","271.98K","-0.11%"
"09/29/2021","380.60","381.20","384.00","379.00","218.54K","-0.31%"
"09/28/2021","381.80","384.90","384.90","381.10","171.42K","-0.31%"
"09/27/2021","383.00","379.20","384.00","379.20","232.44K","0.55%"
"09/26/2021","380.90","381.00","382.00","379.00","168.62K","-0.13%"
"09/23/2021","381.40","383.90","383.90","380.00","130.06K","-0.50%"
"09/22/2021","383.30","383.60","385.00","382.00","171.75K","-0.10%"
"09/21/2021","383.70","381.00","385.00","378.10","239.71K","0.87%"
"09/20/2021","380.40","380.00","383.00","378.00","252.86K","-0.42%"
"09/19/2021","382.00","384.90","385.00","381.10","68.81K","-0.65%"
"09/16/2021","384.50","379.20","385.30","377.60","276.30K","1.40%"
"09/15/2021","379.20","379.00","379.90","374.10","336.43K","-0.13%"
"09/14/2021","379.70","385.20","386.20","378.50","398.39K","-1.68%"
"09/13/2021","386.20","389.70","389.70","380.00","189.14K","-0.41%"
"09/12/2021","387.80","386.00","396.80","386.00","402.92K","0.34%"
"09/09/2021","386.50","384.30","388.90","376.00","262.81K","0.57%"
"09/08/2021","384.30","381.00","387.90","379.40","394.38K","1.00%"
"09/07/2021","380.50","372.50","383.00","372.30","432.29K","2.15%"
"09/06/2021","372.50","369.90","373.20","368.80","308.54K","1.44%"
"09/05/2021","367.20","363.30","368.40","363.30","279.79K","1.35%"
"09/02/2021","362.30","362.50","365.00","362.00","172.02K","0.06%"
"09/01/2021","362.10","364.90","366.00","361.80","104.74K","-0.14%"
"08/31/2021","362.60","360.50","366.00","360.00","311.72K","0.58%"
"08/29/2021","360.50","367.00","367.00","360.00","119.44K","-1.21%"
"08/26/2021","364.90","365.10","368.00","364.00","146.66K","-0.71%"
"08/25/2021","367.50","369.90","370.00","367.00","66.41K","-0.49%"
"08/24/2021","369.30","365.00","369.70","364.00","105.93K","0.96%"
"08/23/2021","365.80","364.00","366.50","362.50","93.81K","0.52%"
"08/22/2021","363.90","362.90","365.70","358.20","276.24K","1.25%"
"08/19/2021","359.40","359.80","364.00","358.30","110.80K","-0.08%"
"08/18/2021","359.70","359.20","361.00","359.20","85.87K","0.17%"
"08/17/2021","359.10","361.00","362.90","358.30","132.73K","-0.47%"
"08/16/2021","360.80","365.90","365.90","359.10","155.55K","-0.61%"
"08/12/2021","363.00","366.00","366.00","360.50","160.10K","-0.82%"
"08/11/2021","366.00","360.00","369.00","356.20","459.65K","1.41%"
"08/10/2021","360.90","361.00","361.00","360.10","355.02K","-2.35%"
"08/05/2021","369.60","368.00","371.70","366.20","511.43K","0.35%"
"08/03/2021","368.30","372.00","372.00","365.20","279.56K","-0.65%"
"08/02/2021","370.70","380.00","380.00","369.50","490.93K","-2.27%"
"07/29/2021","379.30","375.00","380.00","372.30","329.62K","1.25%"
"07/28/2021","374.60","365.00","375.80","365.00","275.17K","1.46%"
"07/27/2021","369.20","369.50","371.00","365.00","174.15K","0.74%"
"07/26/2021","366.50","363.50","367.40","363.00","241.60K","0.77%"
"07/25/2021","363.70","365.00","365.10","361.00","125.31K","-0.55%"
"07/19/2021","365.70","364.00","366.40","362.50","214.73K","1.05%"
"07/18/2021","361.90","358.00","362.90","356.50","221.46K","1.49%"
"07/15/2021","356.60","359.00","359.00","355.00","166.42K","0.39%"
"07/14/2021","355.20","358.20","360.00","353.20","105.68K","-0.84%"
"07/13/2021","358.20","357.40","362.00","355.40","271.46K","0.79%"
"07/12/2021","355.40","356.50","357.50","353.00","261.96K","1.02%"
"07/08/2021","351.80","350.00","352.90","349.10","157.91K","0.66%"
"07/07/2021","349.50","347.70","350.80","346.80","160.10K","0.46%"
"07/06/2021","347.90","348.40","350.30","346.30","115.50K","-0.14%"
"07/05/2021","348.40","349.40","349.90","346.00","128.81K","-0.29%"
"07/04/2021","349.40","349.40","352.00","346.50","203.24K","0.00%"
"06/30/2021","349.40","346.90","352.00","346.50","203.24K","0.55%"
"06/29/2021","347.50","346.20","349.00","345.00","118.23K","0.35%"